comment_id;concert_id;username;message;feeling_pos;feeling_neg;music_ref;external_ref;phys_react_intentional;phys_react_unintentional
ct_1;moby_ct_1;KinGiz;is it live a concert stream?;;;;;;
ct_5;moby_ct_2;Roland Jeske;Hello everybody! Lets enjoy the show!;x;;;;;
ct_6;moby_ct_3;guido bustamante wakamatsu;:eyes-pink-heart-shape::eyes-pink-heart-shape::eyes-pink-heart-shape:;x;;;;;
ct_7;moby_ct_4;Petra BeneÅ¡ovÃ¡;Hello ğŸ™ŒğŸ»:partying_face: woow ğŸ™ŒğŸ»ğŸ™ŒğŸ»;x;;;;;
ct_11;moby_ct_5;Alexander Fleener;All profits for play25 shows going to charity;;;;x;;
ct_13;moby_ct_6;Alexander Dewispelaere;The concert got great reviews in the Belgian press.;x;;;x;;
ct_16;moby_ct_7;Eric;Well the stuff you can hear sounds good, except the stuff Moby is doing...;x;x;x;;;
ct_18;moby_ct_8;Tim Weibel;agree lol ;x;x;;;;
ct_19;moby_ct_9;Aleksandr;Nice! :smiling_face_with_heart_eyes:;x;;;;;
ct_20;moby_ct_10;Andrey Deruga;Thanks for the surprise. Very cool!!;x;;;;;
ct_22;moby_ct_11;T;ğŸ‘ğŸ»ğŸ‘ğŸ»ğŸ‘ğŸ»;x;;;;;
ct_24;moby_ct_12;Erik Van Muylem;still happy we can enjoy some of the concert;x;;;;;
ct_25;moby_ct_13;Alexander Dewispelaere;A trip down memory lane for most of the ppl there I suppose;x;x;;;;
ct_26;moby_ct_14;Petra BeneÅ¡ovÃ¡;ğŸ‘ğŸ»ğŸ‘ğŸ»ğŸ‘ğŸ»;x;;;;;
ct_27;moby_ct_15;Lyli J;well he be playing lots of stuff :);x;;x;;;
ct_30;moby_ct_16;AntmanJr;he doesn't have tattoos anymore?;;;;x;;
ct_32;moby_ct_17;Alexander Dewispelaere;A full Sportpaleis will hold 17000;;;;x;;
ct_33;moby_ct_18;Petra BeneÅ¡ovÃ¡;Great ğŸ™ŒğŸ»ğŸ™ŒğŸ»energy :smiling_face_with_hearts:;x;;;;;
ct_34;moby_ct_19;Eric;This sounds absolutely terrible and empty;;x;x;;;
ct_41;moby_ct_20;Eric;@ARTE Concert Yes, I've seen lots of shows which were great! This one isn't sadly.;x;x;;x;;
ct_43;moby_ct_21;AntmanJr;Eric does hate watching not good for your brain;;x;;x;;
ct_44;moby_ct_22;el ricou;whick track is it plz;;;x;x;;
ct_46;moby_ct_23;quesaquÃ²fil2b;:star_struck: Merci Arte Concert !! :smiling_face_with_hearts::face_blowing_a_kiss::face_blowing_a_kiss:;x;;;;;
ct_47;moby_ct_24;AntmanJr;it's go;;;x;;;
ct_48;moby_ct_25;Eric;Haha sorry I love Moby and the album Play, but this is just not what I was hoping for at all. Bye!;x;x;;;;
ct_53;moby_ct_26;Bernhard Wolf;:smiling_face_with_hearts:;x;;;;;
ct_55;moby_ct_27;Petra BeneÅ¡ovÃ¡;ğŸ’ƒğŸ»ğŸ’ƒğŸ»ğŸ’ƒğŸ»ğŸ™ŒğŸ»ğŸ™ŒğŸ»;x;;;;x;
ct_59;moby_ct_28;T;Thanks for broadcasting ;x;;;;;
ct_60;moby_ct_29;Alexander Dewispelaere;@ARTE Concert thanks for sharing this show;x;;;;;
ct_62;moby_ct_30;jiggrinder;1. My Weakness2. In My Heart3.Go;;;x;;;
ct_65;moby_ct_31;Ani Yeghoyan;inch es ba nayum;;;;;;
ct_66;moby_ct_32;Diego Olivera;CRACK!!;;;;;;
ct_69;moby_ct_33;KotlinTest;Dance everybody!;X;;;;x;
ct_81;moby_ct_34;Carell Cassey;:hand-pink-waving::hand-pink-waving::hand-pink-waving:;x;;;;;
ct_85;moby_ct_35;T;:face_screaming_in_fear::fire:;;x;;;;
ct_88;moby_ct_36;Sunny;:hand-pink-waving::person-turqouise-waving:;x;;;;;
ct_89;moby_ct_37;Peggy Heynen;I was there. What a night! :party_popper: Soooo good!!! :star_struck::musical_notes::collision::musical_notes::smiling_face_with_heart_eyes:;x;;;;;
ct_93;moby_ct_38;bruno michaux;:red_heart: :red_heart: ;x;;;;;
ct_94;moby_ct_39;Sporty Otter Pop (RenÃ© Lilly);SO excited! It's finally Moby Nite;x;;;;;
ct_95;moby_ct_40;Denys Marunevych;:face-blue-smiling:;x;;;;;
ct_96;moby_ct_41;WARLOCK;ROCK THE BODIES;x;;x;;;
ct_98;moby_ct_42;Sporty Otter Pop (RenÃ© Lilly);Been looking forward to watching this, since I saw the event go up!;x;;;;;
ct_100;moby_ct_43;Sporty Otter Pop (RenÃ© Lilly);Evening Arte Concert!;x;;;;;
ct_101;moby_ct_44;jiggrinder;5. Flower / Find My Baby;;;x;;;
ct_103;moby_ct_45;Sporty Otter Pop (RenÃ© Lilly);This guy i just special!!!!;x;;;;;
ct_105;moby_ct_46;Sporty Otter Pop (RenÃ© Lilly);"I guess I am kinda traditional, I love ""Praise You"" best ";x;;x;;;
ct_107;moby_ct_47;Julieta Pusino;omg this was filmed on my birthday :grinning_face: ;x;;;x;;
ct_114;moby_ct_48;Steeve ORHANT;Merci arte :revolving_hearts::revolving_hearts::face_blowing_a_kiss::revolving_hearts::revolving_hearts::face_blowing_a_kiss::revolving_hearts::face_blowing_a_kiss::revolving_hearts:;x;;;;;
ct_115;moby_ct_49;SaggyğŸ§‘â€ğŸ”¬;love u all:red_heart:;x;;;;;
ct_116;moby_ct_50;Jannis JaG;"Unfortunately he didn't play ""That's when I Reach for my Revolver"".";;x;x;;;
ct_118;moby_ct_51;Sporty Otter Pop (RenÃ© Lilly);12 points from Germany tonight;x;;;x;;
ct_121;moby_ct_52;Sporty Otter Pop (RenÃ© Lilly);It's great that people are here from everywhere-Global Arte Community in Musica;x;;;x;;
ct_124;moby_ct_53;F L;Woaw :slightly_smiling_face: ;x;;;;;
ct_125;moby_ct_54;SaggyğŸ§‘â€ğŸ”¬;:green_heart::white_heart::red_heart:;x;;;;;
ct_127;moby_ct_55;ThePouffy;Good music has no frontier !;x;;;x;;
ct_130;moby_ct_56;Sporty Otter Pop (RenÃ© Lilly);These singers are dang good;x;;x;;;
ct_132;moby_ct_57;Anne Zemmour;:smiling_face_with_heart_eyes::smiling_face_with_heart_eyes::smiling_face_with_heart_eyes::smiling_face_with_heart_eyes::smiling_face_with_heart_eyes:;x;;;;;
ct_134;moby_ct_58;BrigadierSchmitt;Gone in 60 seconds;;;;x;;
ct_136;moby_ct_59;SaggyğŸ§‘â€ğŸ”¬;the Best day of my year;x;;;x;;
ct_137;moby_ct_60;yuribass;greetings from Ccs-Vzla;x;;;x;;
ct_138;moby_ct_61;F L;:partying_face:;x;;;;;
ct_139;moby_ct_62;SaggyğŸ§‘â€ğŸ”¬;hola Moby :face_blowing_a_kiss:;x;;;;;
ct_141;moby_ct_63;AntmanJr;Belgium is the best place;x;;;x;;
ct_142;moby_ct_64;SaggyğŸ§‘â€ğŸ”¬;te amo :red_heart:;x;;;;;
ct_143;moby_ct_65;Sporty Otter Pop (RenÃ© Lilly);He's so no frills! Just a guy! LOVE you Moby for that;x;;;x;;
ct_144;moby_ct_66;Sporty Otter Pop (RenÃ© Lilly);YES-having a wonderful time so far;x;;;;;
ct_146;moby_ct_67;Carell Cassey;:face-fuchsia-wide-eyes:;x;;;;;
ct_151;moby_ct_68;Julian Reverse;Nadia :smiling_face_with_hearts::red_heart::red_heart::red_heart::red_heart:;x;;x;;;
ct_152;moby_ct_69;Sascha Seyer;ğŸ‘ğŸ»ğŸ‘ğŸ»;x;;;;;
ct_153;moby_ct_70;Dmytro Rybak;:blue_heart:;;;;x;;
ct_154;moby_ct_71;Dmytro Rybak;:yellow_heart:;;;;X;;
ct_155;moby_ct_72;T;Sascha :winking_face:;x;;;;;
ct_156;moby_ct_73;SaggyğŸ§‘â€ğŸ”¬;:fire:;x;;;;;
ct_157;moby_ct_74;Sporty Otter Pop (RenÃ© Lilly);I have chills;x;;;;;x
ct_159;moby_ct_75;Sporty Otter Pop (RenÃ© Lilly);so lovely I will cry;x;;;;;x
ct_160;moby_ct_76;Thor Hamma;I love Moby and i love the guys of @ARTE Concert for their great performances - THANK YOU - merci! :yougotthis:;x;;;;;
ct_161;moby_ct_77;Pinguin Mutti;i first heard him, with his awesome punk cd, so deep, but the depth kept all within his music;x;;x;x;;
ct_162;moby_ct_78;Dmytro Rybak;:blue_heart:;;;;x;;
ct_163;moby_ct_79;Dmytro Rybak;:yellow_heart:;;;;x;;
ct_164;moby_ct_80;Sporty Otter Pop (RenÃ© Lilly);anyone have a tissue?;x;;;;;x
ct_168;moby_ct_81;Julian Reverse;@ARTE Concert Choklate, Nadia Christine Duggin, Julie Mintz, Lady Blackbird are THE BEST Vovalists on this fcking Planet!;x;;;x;;
ct_170;moby_ct_82;Sporty Otter Pop (RenÃ© Lilly);Thank you for their names, Julian! I didn't know them;x;;;x;;
ct_172;moby_ct_83;BrigadierSchmitt;@ARTE Concert you make everytime a great job, thank you for the Hellfest as well :slightly_smiling_face: ;x;;;x;;
ct_173;moby_ct_84;TheSorrow2007;:face-red-heart-shape:;x;;;;;
ct_174;moby_ct_85;T;They look like three angels ğŸ‘ğŸ»ğŸ‘ğŸ»ğŸ‘ğŸ»;x;;x;;;
ct_176;moby_ct_86;SerGio an Artist;@Dmytro Rybak :raised_fist::raised_fist::raised_fist::yellow_circle::blue_circle:;;;;x;;
ct_177;moby_ct_87;Pinguin Mutti;@BlackOwl @ARTE Concert yeah, everyone gets many delicious moments in music! ;x;;;;;
ct_180;moby_ct_88;Gonzalo Giuliano;Argentina :red_heart:;x;;;x;;
ct_184;moby_ct_89;Julian Reverse;Nadia again :red_heart::red_heart::red_heart::fearful_face::loudly_crying_face::smiling_face_with_heart_eyes:;x;;x;;;
ct_186;moby_ct_90;Sporty Otter Pop (RenÃ© Lilly);Ignoring Er C. Will not be provoked in such a peaceful place;x;x;;x;;
ct_188;moby_ct_91;BrigadierSchmitt;@Pinguin Mutti sure :red_heart: ;x;;;x;;
ct_192;moby_ct_92;Sporty Otter Pop (RenÃ© Lilly);Totally Block works fine ;;;;x;;
ct_194;moby_ct_93;AntmanJr;@Er C You look bad :grinning_face_with_sweat:;;x;;x;;
ct_195;moby_ct_94;Daft Frank;Stanger Things :red_heart:;x;;;x;;
ct_196;moby_ct_95;Kris Russel;I was there on the front row. It was amazing!;x;;;x;;
ct_197;moby_ct_96;Dmytro Rybak;:blue_heart:;;;;x;;
ct_198;moby_ct_97;Dmytro Rybak;:yellow_heart:;;;;x;;
ct_199;moby_ct_98;Sporty Otter Pop (RenÃ© Lilly);Kris Russel how fantastic;x;;;;;
ct_200;moby_ct_99;Caner Deniz;:face-blue-smiling::hand-pink-waving::face-red-heart-shape::trophy-yellow-smiling::eyes-pink-heart-shape:;x;;;;;
ct_202;moby_ct_100;Cosmic Seeds;Moby signed my shirt with over 100 DJs from around the world :heart_suit:;x;;;x;;
ct_203;moby_ct_101;Dmytro Rybak;:face-red-heart-shape:;x;;;;;
ct_204;moby_ct_102;Axel Folly;He's come a long way since his rave/ techno days. I wonder if past Moby would approve;x;;;x;;
ct_205;moby_ct_103;Anne Zemmour;Same price as everywhere just arriving early haha;;;;x;;
ct_207;moby_ct_104;K. Oulad;:face-blue-smiling::hand-purple-blue-peace:;x;;;;;
ct_208;moby_ct_105;Kris Russel;All standing was the same price;;;;x;;
ct_211;moby_ct_106;Alexander Fleener;:purple_heart: ;x;;;;;
ct_214;moby_ct_107;Cosmic Seeds;love this song;x;;x;;;
ct_215;moby_ct_108;Anne Zemmour;This song was from past Moby so yes he would approuve ;x;;;x;;
ct_216;moby_ct_109;Anonymous ;:red_heart:;x;;;;;
ct_218;moby_ct_110;Hawaiian Guitar Crossroads;:raising_hands::raising_hands::raising_hands:;x;;;;;
ct_220;moby_ct_111;Belen Gahz;:red_heart: ;x;;;;;
ct_221;moby_ct_112;KrÃ¶terichNo1;i don't mind the music but moby with a guitar?;x;x;x;;;
ct_223;moby_ct_113;Cosmic Seeds;definitely he'd agree;x;;;x;;
ct_224;moby_ct_114;Flo Toons;trop beau;;;;;;
ct_225;moby_ct_115;Anne Zemmour;He was first a guitar player before dj ;;;;x;;
ct_229;moby_ct_116;Sporty Otter Pop (RenÃ© Lilly);quite a large venue for small Belgium :grinning_face:;x;;;x;;
ct_230;moby_ct_117;Caio Magalhaes;his most famous works use guitar;;;;x;;
ct_231;moby_ct_118;Belen Gahz;He always play the guitar ;;;;x;;
ct_232;moby_ct_119;Karen Parrales;The best song ever ;x;;x;;;
ct_235;moby_ct_120;Octobert;has he played when its cold outside I want to die yet;;;x;;;
ct_238;moby_ct_121;Gonzalo Molina Flores;madre mia moby live :smiling_face_with_hearts::star_struck:;x;;;;;
ct_240;moby_ct_122;Epi..mÅ±;fantastic reworking :musical_notes:ğŸ‘ğŸ¼;x;;x;;;
ct_244;moby_ct_123;Axel Folly;Moby came out of the punk scene with The Vatican Commandos primarely;;;;x;;
ct_251;moby_ct_124;Epi..mÅ±;ğŸ™ŒğŸ¼Merci beaucoup @ARTE Concert âœ“:musical_notes::revolving_hearts::musical_notes::smiling_face_with_hearts::musical_notes: thanks ğŸ‘ğŸ¼ğŸ™ğŸ¼:musical_notes:ğŸ‘ğŸ¼ğŸ‘ğŸ¼;x;;;;;
ct_253;moby_ct_125;Sporty Otter Pop (RenÃ© Lilly);The staging of this is grandiose;x;;x;;;
ct_254;moby_ct_126;oktodisconnect;this woke version actually sounds good;x;;x;;;
ct_259;moby_ct_127;Julieta Pusino;i like the original more;x;x;x;;;
ct_260;moby_ct_128;Hantz;:hand-orange-covering-eyes:;;x;;;;
ct_263;moby_ct_129;Epi..mÅ±;"wtf ., ""woke"" :pleading_face::face_exhaling:";;x;;x;;
ct_265;moby_ct_130;T;What life would be without the songs or dance what are we, so I say thank you for the music giving it to me ;x;;;x;;
ct_266;moby_ct_131;WanÃ¹;Mouaif...bof bof;;;;;;
ct_267;moby_ct_132;goochn;her voice is boring / standard and to loud - no atmosphere;;x;x;;;
ct_269;moby_ct_133;Cosmic Seeds;yes we love it;x;;;;;
ct_275;moby_ct_134;Juanes95;Where are the strings :(?;;x;x;;;
ct_276;moby_ct_135;Epi..mÅ±;:hot_beverage: cheers got my porcelain at hand:face-turquoise-drinking-coffee:;x;;x;x;;
ct_277;moby_ct_136;Miguel Angel;y south side????;;x;x;;;
ct_278;moby_ct_137;filtav;:face-red-heart-shape::face-red-heart-shape::face-red-heart-shape:;x;;;;;
ct_280;moby_ct_138;quesaquÃ²fil2b;Ok merci @ARTE Concert. :red_heart:;x;;;;;
ct_281;moby_ct_139;CristianKirk;I didn't recognize it without the strings sample;x;x;x;;;
ct_283;moby_ct_140;Sergio Vasquez;so this is goodbye;;X;;;;
ct_284;moby_ct_141;Elvira Pecik;:beaming_face_with_smiling_eyes:;x;;;;;
ct_285;moby_ct_142;madaboutminds;Moby for President;x;;;x;;
ct_287;moby_ct_143;CristianKirk;I assume the strings will appear at some point...;;;x;;;
ct_291;moby_ct_144;Sporty Otter Pop (RenÃ© Lilly);yeah there are strings onstage, in previous numbers;;;x;x;;
ct_292;moby_ct_145;Richard;I was there in Torhout!;x;;;x;;
ct_294;moby_ct_146;Epi..mÅ±;piano :musical_keyboard: strings :winking_face:;x;;x;;;
ct_295;moby_ct_147;Antony Stark;The Beach;;;x;x;;
ct_296;moby_ct_148;HNRIK;we need the strings...;;x;x;;;
ct_298;moby_ct_149;Sporty Otter Pop (RenÃ© Lilly);I hear strings now;;;x;;;
ct_300;moby_ct_150;Epi..mÅ±;you happy now :smiling_face::musical_notes:;x;;x;;;
ct_303;moby_ct_151;filtav;:eyes-pink-heart-shape: this bit is magical :eyes-pink-heart-shape:;x;;;;;
ct_304;moby_ct_152;Thor Hamma;:transgender_symbol::rainbow_flag::purple_square::blue_square::green_square::yellow_square::orange_square::red_square::seedling:;x;;;x;;
ct_305;moby_ct_153;CristianKirk;It's not quite the original sample;;;x;;;
ct_307;moby_ct_154;Sporty Otter Pop (RenÃ© Lilly);cello makes everything more lovely;x;;x;;;
ct_310;moby_ct_155;Epi..mÅ±;it's not quite the original Era ... happy 2024:smiling_face::face-turquoise-covering-eyes::hand-purple-blue-peace::face-blue-heart-eyes:;x;;;x;;
ct_311;moby_ct_156;Ğ’Ğ»Ğ°Ğ´Ğ¸Ğ¼Ğ¸Ñ€ Ğ“ÑƒĞ±Ğ°Ñ‚Ğ¾Ğ²;backs vocals :ok_hand:;x;;x;;;
ct_316;moby_ct_157;Ford Prefect;"Alright that's good shit. ""Play"" is one of the best albums ever made.";x;;;;;
ct_317;moby_ct_158;CristianKirk;Ha... I knew it;x;;;;;
ct_318;moby_ct_159;CristianKirk;"It's the same era ;)";x;;;x;;
ct_321;moby_ct_160;Juanes95;There you go, the reversed string sample;x;;x;;;
ct_324;moby_ct_161;Epi..mÅ±;:hugging_face:ğŸ‘ŠğŸ¼TamÃ¡s BorbÃ©ly., good evening @ARTE :musical_notes: with the fun sounds of Moby :smiling_face:;x;;;;;
ct_325;moby_ct_162;CristianKirk;That was perfect, crescendo style;x;;x;;;
ct_327;moby_ct_163;Denis Gabriel Hurtado;Excellent arrangements that make me vibrate :musical_keyboard:;x;;x;;;x
ct_328;moby_ct_164;Carli Carpa;Like the faster Versions more...;x;x;x;;;
ct_329;moby_ct_165;el polaco;Moby? You can get stomped by Obie;;x;;x;;
ct_335;moby_ct_166;kleiven H;this riff will never end?;;x;x;;;
ct_337;moby_ct_167;TamÃ¡s BorbÃ©ly;hey @ARTE Concert Happy tu see Moby :musical_note::musical_notes::speaker_high_volume::musical_note::musical_notes::speaker_high_volume:;x;;;;;
ct_339;moby_ct_168;Cosmic Seeds;no it shouldn't;x;;x;;;
ct_340;moby_ct_169;Franco;eternal loop, and its ok;x;;x;;;
ct_345;moby_ct_170;quesaquÃ²fil2b;:red_heart::sparkling_heart::heart_with_ribbon::heart_with_arrow::revolving_hearts::dizzy:;x;;;;;
ct_349;moby_ct_171;Russell Watkins;tf is this;;x;;;;
ct_350;moby_ct_172;Cosmic Seeds;I listen to the 1 hr version of this on repeat...porcelain;x;;x;;;
ct_352;moby_ct_173;Vincero!;:face-blue-smiling::face-blue-smiling::face-blue-smiling:;x;;;;;
ct_353;moby_ct_174;Sporty Otter Pop (RenÃ© Lilly);I was going to mention his walking fast too :grinning_face:;;;;;;
ct_354;moby_ct_175;Jenea1987;:raising_hands::raising_hands::raising_hands:;x;;;;;
ct_355;moby_ct_176;Ford Prefect;That shit slaps;x;;;;;
ct_356;moby_ct_177;Sporty Otter Pop (RenÃ© Lilly);Moby Sports;;;;;;
ct_357;moby_ct_178;Vincero!;:face_with_tongue::winking_face_with_tongue::zany_face::squinting_face_with_tongue:;x;;;;;
ct_358;moby_ct_179;jackdanijel1979;:red_heart:Welcome Dear Moby Starseed!:two_hearts:;x;;;;;
ct_360;moby_ct_180;Franco;that synth girl :eyes-pink-heart-shape:;x;;x;;;
ct_361;moby_ct_181;Anne Zemmour;This version is amazing ;x;;x;;;
ct_365;moby_ct_182;Sabrina Fairchild ;Waiting for South Side and Why does my heart feel so bad, hope I didn't miss them;x;;x;;;
ct_366;moby_ct_183;Sergio Vasquez;this version is truly amazing;x;;x;;;
ct_367;moby_ct_184;Cosmic Seeds;not sure either;;;;x;;
ct_368;moby_ct_185;Ford Prefect;:3;x;;;;;
ct_370;moby_ct_186;Anne Zemmour;We are all made of stars :star: :blue_heart:;x;;x;;;
ct_371;moby_ct_187;Alexander Fleener;We are;x;;x;;;
ct_372;moby_ct_188;Ford Prefect;We are indeed made of stars;x;;x;;;
ct_373;moby_ct_189;kleiven H;he is pretty good - he should go for britans got talent or something - he would probably be up there ;x;;;x;;
ct_375;moby_ct_190;Anne Zemmour;I hope he will erase this version for me it was one of the best of the show I had so much fun ;x;;x;;;
ct_377;moby_ct_191;Octobert;im ready for the next song;;;x;;;
ct_380;moby_ct_192;Anne Zemmour;release *;;;;;;
ct_381;moby_ct_193;Jj;Hell yeah MOBY;x;;;;;
ct_382;moby_ct_194;Bruno Domingues;this sounds like PSB;;;x;x;;
ct_383;moby_ct_195;kleiven H;this is the most boring ive ever heard;;x;x;;;
ct_385;moby_ct_196;Ford Prefect;Moby sounds on this live set a bit like a blend of Kraftwerk and Depeche Mode and himself, Moby, of course. Absolutely great stuff.;x;;x;x;;
ct_388;moby_ct_197;Octobert;I think I just joined a cult;x;;;;;
ct_389;moby_ct_198;Sporty Otter Pop (RenÃ© Lilly);I agree Ford Prefect;x;;;x;;
ct_392;moby_ct_199;Sporty Otter Pop (RenÃ© Lilly);A wee bit of Pink Floyd too;;;;x;;
ct_399;moby_ct_200;Ford Prefect;Oh yes some Pink Floyd sprinkled on everything too, agreed.;;;;x;;
ct_403;moby_ct_201;Epi..mÅ±;Hope you've got your towel handy .,. Ford;;;;x;;
ct_405;moby_ct_202;Luca M.;:speaker_high_volume::musical_note::musical_notes::sparkles::sparkles::dashing_away:;x;;;;;
ct_409;moby_ct_203;TamÃ¡s BorbÃ©ly;yoooo @Luca M. @Cosmic Seeds:face-purple-wide-eyes::hand-pink-waving:;x;;;;;
ct_410;moby_ct_204;patrick deklein;Go vegan thx Moby ;x;;;x;;
ct_411;moby_ct_205;Animaphagus;Moby's first albums (up until Hotels) were so freaking good;x;;;x;;
ct_412;moby_ct_206;erm0n;I know he has ever been keen on remixing, 'upscaling' and so on. I'm not that convinced.;;x;;x;;
ct_414;moby_ct_207;Bruno Domingues;Pet Shop Boys ;;;;x;;
ct_418;moby_ct_208;Luca M.; :raising_hands::sparkles::raising_hands::sparkles::raising_hands:;x;;;;;
ct_420;moby_ct_209;Ford Prefect;Lovely;x;;;;;
ct_423;moby_ct_210;Luca M.;@T :waving_hand::slightly_smiling_face:hey;x;;;;;
ct_426;moby_ct_211;Luca M.;:speaker_high_volume::musical_note::musical_notes::sparkles::sparkles::dashing_away:;x;;;;;
ct_428;moby_ct_212;Cosmic Seeds;THIS IS SO :fire:;x;;;;;
ct_429;moby_ct_213;Russell Watkins;get the crackhead off the stage;;x;;;;
ct_430;moby_ct_214;sam;this is so cringe;;x;;;;
ct_431;moby_ct_215;Luca M.;@T :raising_hands::collision::raising_hands::collision::raising_hands:;x;;;;;
ct_432;moby_ct_216;Stephen Lee;:speaker_high_volume::speaker_high_volume::speaker_high_volume:;x;;;;;
ct_433;moby_ct_217;Ford Prefect;The Prodigy;;;;x;;
ct_435;moby_ct_218;Sina Drm;yeahhh getting high on this ;x;;;;;
ct_436;moby_ct_219;Antony Stark;This show, bring back so much good memories;x;;;;;
ct_437;moby_ct_220;HNRIK;Moby really likes the blue color :grinning_face: ;x;;;;;
ct_440;moby_ct_221;Tech-Savvy;I listen to Madis;;;;x;;
ct_442;moby_ct_222;TamÃ¡s BorbÃ©ly;:musical_notes::musical_note::speaker_high_volume::clapping_hands::open_hands:;x;;;;;
ct_444;moby_ct_223;Stephen Lee;:speaker_high_volume::speaker_high_volume:;x;;;;;
ct_445;moby_ct_224;Epi..mÅ±;Wouldn't have*;;;;x;;
ct_446;moby_ct_225;Benjamin Kunz;soy division is nice ^^;;;;x;;
ct_448;moby_ct_226;Tech-Savvy;:partying_face::partying_face::partying_face::partying_face:;x;;;;;
ct_449;moby_ct_227;T;:face_screaming_in_fear:;;x;;;;
ct_451;moby_ct_228;Luca M.;:man_dancing::high_voltage::man_dancing::high_voltage:;x;;;;x;
ct_453;moby_ct_229;Virginie;how old is he now ?;;;;x;;
ct_454;moby_ct_230;TamÃ¡s BorbÃ©ly;whutta vibezz:face-fuchsia-wide-eyes:;x;;;;;
ct_460;moby_ct_231;Virginie;bonsoir ! :winking_face:;x;;;;;
ct_461;moby_ct_232;gueroblanco;love that many people are having a good time but i dont really get this show;x;x;;;;
ct_463;moby_ct_233;Ford Prefect;Also there's Youtubes brilliant ignore functionality: I added sam the user ignore list of course;x;x;;x;;
ct_467;moby_ct_234;Tech-Savvy;when is the next Moby concert and in which country?;;;;x;;
ct_469;moby_ct_235;Ashley W;I love how he just sounds like somebody's nerdy dad here.;x;;;;;
ct_470;moby_ct_236;Luca M.;:sparkles::raising_hands::sparkles::raising_hands:;x;;;;;
ct_472;moby_ct_237;Craig;Plz play praise you :thumbs_up::thumbs_up::thumbs_up:;x;;x;;;
ct_475;moby_ct_238;Epi..mÅ±;"oh ., I love the live version of ""Waiting for the Barbarians"" by Laurie Anderson on YT is fekn phenomenal :musical_notes:";;;x;x;;
ct_478;moby_ct_239;Julian Reverse;Lady Blackbird :smiling_face_with_heart_eyes::smiling_face_with_heart_eyes::smiling_face_with_heart_eyes::smiling_face_with_heart_eyes::smiling_face_with_heart_eyes::smiling_face_with_heart_eyes:;x;;x;;;
ct_482;moby_ct_240;Ford Prefect;Reed. Bowie. Fantastic people they were. I do miss them dearly.;x;;;x;;
ct_483;moby_ct_241;Anastadres;is it online?;;;;x;;
ct_484;moby_ct_242;Jannis JaG;RIP Lou Reed and RIP David Bowie!;;;;;;
ct_486;moby_ct_243;Fluid Alchemist;they always get the pretty violonists;x;;x;;;
ct_487;moby_ct_244;Tech-Savvy;What is happening;;;;;;
ct_491;moby_ct_245;Epi..mÅ±;Perfect Day and Hero's., top ten lifetime tracks ğŸ™ğŸ¼:musical_notes::revolving_hearts:;x;;x;;;
ct_492;moby_ct_246;tomtomftube;thanks for the free concert :rolling_on_the_floor_laughing:;x;;;;;
ct_493;moby_ct_247;TamÃ¡s BorbÃ©ly;:pillow-turquoise-hot-chocolate::hands-yellow-heart-red::face-turquoise-music-note::person-pink-swaying-hair:;x;;;;;
ct_494;moby_ct_248;Thor Hamma;Amazing voice :hands-yellow-heart-red:;x;;x;;;
ct_496;moby_ct_249;Sporty Otter Pop (RenÃ© Lilly);she's a queen;x;;;;;
ct_498;moby_ct_250;Jannis JaG;@Tech-Savvy: I don't think Moby will do a tour in the next years again.;;;;x;;
ct_499;moby_ct_251;Luca M.;:musical_notes::musical_note::sparkles::sparkles:;x;;;;;
ct_500;moby_ct_252;Julian Reverse;Listen to her new Album! ;;;;x;;
ct_504;moby_ct_253;Î‘RGÃVATHIÃ;Moby :red_heart::red_heart::red_heart:;x;;;;;
ct_505;moby_ct_254;BrigadierSchmitt;so beautiful;x;;;;;
ct_506;moby_ct_255;Jannis JaG;Lady Blackbird is an extremely good Singer.;x;;x;;;
ct_507;moby_ct_256;Luca M.;:musical_notes::musical_note::sparkles::sparkles::shooting_star::shooting_star:;x;;;;;
ct_508;moby_ct_257;Sporty Otter Pop (RenÃ© Lilly);Mahalia Jackson's listening from her grave, and smiling, about this voice, I reckon;x;;x;x;;
ct_509;moby_ct_258;Russell Watkins;tf is she wearing;;x;;;;
ct_510;moby_ct_259;filtav;:hand-orange-covering-eyes:;x;x;;;;
ct_512;moby_ct_260;TamÃ¡s BorbÃ©ly;:open_hands::clapping_hands::raising_hands::open_hands::clapping_hands::raising_hands:;x;;;;;
ct_513;moby_ct_261;Ford Prefect;Alright. Let them tears flow;x;;;;;x
ct_514;moby_ct_262;Thor Hamma;Her voice is like an old Gibson on an VoxAC30 - goose bombs! :smiling_face_with_heart_eyes:;x;;x;x;;x
ct_517;moby_ct_263;Epi..mÅ±;"""tf"" :face_with_tears_of_joy: your an offly fekn sweary blighter";;x;;x;;
ct_518;moby_ct_264;Russell Watkins;i would fall asleep if i was there;;x;;;;
ct_523;moby_ct_265;Ford Prefect;Holy shit;x;;;;;
ct_524;moby_ct_266;M S;:red_heart: ;x;;;;;
ct_529;moby_ct_267;Luca M.;:raising_hands::red_heart::raising_hands::red_heart::raising_hands: ;x;;;;;
ct_530;moby_ct_268;Ford Prefect;Tears;x;;;;;x
ct_531;moby_ct_269;Benjamin Kunz;some much soul;x;;;;;
ct_533;moby_ct_270;Luca M.;:raising_hands::red_heart::raising_hands::red_heart::raising_hands: ;x;;;;;
ct_535;moby_ct_271;Sporty Otter Pop (RenÃ© Lilly);chills and thrills;x;;;;;x
ct_536;moby_ct_272;Thor Hamma;:smiling_face_with_heart_eyes::star_struck::smiling_face_with_heart_eyes:;x;;;;;
ct_537;moby_ct_273;Luca M.;:raising_hands::red_heart::raising_hands::red_heart::raising_hands: ;x;;;;;
ct_539;moby_ct_274;TamÃ¡s BorbÃ©ly;feeeelzz:hands-yellow-heart-red::hands-yellow-heart-red::face-turquoise-music-note::person-pink-swaying-hair::pillow-turquoise-hot-chocolate::fish-orange-wide-eyes:;x;;;;;
ct_540;moby_ct_275;Anniken Huseby;Wow amazing version :red_heart: :red_heart: ;x;;x;;;
ct_541;moby_ct_276;Luca M.;:raising_hands::red_heart::raising_hands::red_heart::raising_hands: ;x;;;;;
ct_542;moby_ct_277;serdar ileri;:sun_with_face:;x;;;;;
ct_543;moby_ct_278;Epi..mÅ±;Russel Watkins jr ...ğŸ•µğŸ¼ :face_with_peeking_eye: are you using your Daddies YT account again?;;;;x;;
ct_546;moby_ct_279;Thor Hamma;Great vocalists great musicians - Moby is gracefully;x;;x;;;
ct_547;moby_ct_280;Luca M.;:water_wave::water_wave::musical_notes::musical_note::sparkles::sparkles::shooting_star::shooting_star:;x;;;;;
ct_549;moby_ct_281;Sporty Otter Pop (RenÃ© Lilly);This song makes a gal feel some hope again;x;;x;;;
ct_552;moby_ct_282;Luca M.;:raising_hands::sparkles::raising_hands::sparkles::raising_hands:;x;;;;;
ct_556;moby_ct_283;Luca M.;:raising_hands::sparkles::raising_hands::sparkles::raising_hands:;x;;;;;
ct_557;moby_ct_284;Sporty Otter Pop (RenÃ© Lilly);who else feels like we're being shined on by a beautiful light right now?;x;;;;;
ct_559;moby_ct_285;VIMUK 2020;merci from montevideo uruguay :medal-yellow-first-red:;x;;x;;;
ct_560;moby_ct_286;goochn;i like moby but who is this cheap coverband :D;x;x;;;;
ct_561;moby_ct_287;T;ğŸ‘ğŸ»ğŸ‘ğŸ»ğŸ‘ğŸ»;x;;;;;
ct_563;moby_ct_288;Epi..mÅ±;I do have a lather nice lamp :beaming_face_with_smiling_eyes:;x;;;x;;
ct_564;moby_ct_289;F L;Arte :smiling_face_with_hearts: moby :smiling_face_with_hearts: merci :smiling_face_with_heart_eyes:;x;;;;;
ct_565;moby_ct_290;Epi..mÅ±;rather*;;;;;;
ct_566;moby_ct_291;filtav;:face-red-heart-shape::face-red-heart-shape::face-red-heart-shape:;x;;;;;
ct_568;moby_ct_292;Benjamin Kunz;i remember the video of this song... one of my favorite but this is so much better;x;;x;x;;
ct_569;moby_ct_293;Luca M.;:shooting_star::shooting_star::raising_hands::raising_hands::shooting_star::shooting_star:;x;;;;;
ct_571;moby_ct_294;David Rodriguez;Name this song? ;;;x;;;
ct_572;moby_ct_295;Cyn Raver;music that touches the heart :fire:;x;;;;;
ct_575;moby_ct_296;Epi..mÅ±;some folks seem to just crawl out there' caves and ... instantly start to text on YT chats:face-blue-droopy-eyes::dashing_away:;;x;;x;;
ct_576;moby_ct_297;Cyn Raver;:sparkles::yellow_heart::sparkles:;x;;;;;
ct_577;moby_ct_298;Julieta Pusino;that was the voice for 'in this world';;;;x;;
ct_578;moby_ct_299;Epi..mÅ±;their* .,;;;;;;
ct_579;moby_ct_300;Octobert;my cat thinks he has the right to chew laptop cables;;;;x;;
ct_580;moby_ct_301;TamÃ¡s BorbÃ©ly;Why does my heart feels so bad - Moby;;;x;;;
ct_581;moby_ct_302;Julian Reverse;:dog2::duck::chicken::rat::rhinoceros::cow2::black_cat:;;;;x;;
ct_582;moby_ct_303;bruno michaux;":red_heart: the best song ""ever-loving"" <3";x;;x;;;
ct_583;moby_ct_304;Sporty Otter Pop (RenÃ© Lilly);Exactly, Epi! They see a crowd and they gotta act out;;x;;x;;
ct_585;moby_ct_305;Epi..mÅ±;where's text assistant when your stoned... fekrs temperamental af;;x;;x;;
ct_586;moby_ct_306;David Rodriguez;Thanks ;x;;;;;
ct_588;moby_ct_307;filtav;this track is so beautiful;x;;x;;;
ct_589;moby_ct_308;BrigadierSchmitt;it is the famous clip with the train through the snow ;;;;x;;
ct_591;moby_ct_309;Sporty Otter Pop (RenÃ© Lilly);that cello sound;x;;x;;;
ct_592;moby_ct_310;El NeverFake;happy 25 years;x;;;;;
ct_593;moby_ct_311;Luca M.; :water_wave::water_wave::musical_notes::musical_note::sparkles::sparkles::shooting_star::shooting_star:;x;;;;;
ct_594;moby_ct_312;Sporty Otter Pop (RenÃ© Lilly);so floaty lovely;x;;;;;
ct_597;moby_ct_313;HNRIK;This is great, reminds me of Mogwai , some post-rock vibes;x;;;x;;
ct_599;moby_ct_314;Vj Manu;Thanks for streaming this great concert!!;x;;;;;
ct_600;moby_ct_315;Alejandra;:speaker_low_volume::speaker_medium_volume::speaker_high_volume::blue_heart:;x;;;;;
ct_603;moby_ct_316;Sporty Otter Pop (RenÃ© Lilly);Feeling better than I was, before viewing this;x;;;;;
ct_604;moby_ct_317;Sabrina Fairchild ;Lady Blackbird is only 39;;;;x;;
ct_605;moby_ct_318;M S;:red_heart: ;x;;;;;
ct_606;moby_ct_319;Luca M.;:wind_face::musical_notes::musical_note::parachute::parachute:;x;;;;;
ct_607;moby_ct_320;Julian Reverse;Also the sound of the drums. Perfect Mix!;x;;x;;;
ct_608;moby_ct_321;F L;:sign_of_the_horns::sign_of_the_horns::sign_of_the_horns:;x;;;;;
ct_609;moby_ct_322;Juan Noguera;Jason Bourne must be among the public;;;;x;;
ct_611;moby_ct_323;E Simon;this concert has nice sound/mixing;x;;x;;;
ct_614;moby_ct_324;Ford Prefect;:red_heart:;x;;;;;
ct_615;moby_ct_325;Adrien;<3;x;;;;;
ct_617;moby_ct_326;Luca M.;:speaker_high_volume::speaker_high_volume::musical_notes::star::musical_note::glowing_star:;x;;;;;
ct_618;moby_ct_327;HNRIK;Let the man cook!!!;x;;;;;
ct_620;moby_ct_328;Sporty Otter Pop (RenÃ© Lilly);Moby's got the blues there suddenly-great lil riff;x;;x;;;
ct_621;moby_ct_329;Ford Prefect;That one;x;;;;;
ct_625;moby_ct_330;Nicolas Burtin;:smiling_face_with_hearts::smiling_face_with_heart_eyes::smiling_face_with_hearts:;x;;;;;
ct_629;moby_ct_331;Ford Prefect;:red_heart:;x;;;;;
ct_630;moby_ct_332;Gustavo ;:loudly_crying_face::loudly_crying_face::loudly_crying_face::loudly_crying_face:;x;;;;;x
ct_633;moby_ct_333;Alejandra;:loudly_crying_face::loudly_crying_face::loudly_crying_face::loudly_crying_face::loudly_crying_face:;x;;;;;x
ct_634;moby_ct_334;Richard Thiel;:smiling_face_with_heart_eyes::smiling_face_with_heart_eyes::smiling_face_with_heart_eyes::smiling_face_with_heart_eyes::smiling_face_with_heart_eyes::smiling_face_with_heart_eyes::smiling_face_with_heart_eyes:;x;;;;;
ct_636;moby_ct_335;Luca M.;:star::glowing_star::musical_notes::musical_note::glowing_star::star:;x;;;;;
ct_638;moby_ct_336;T;:face_with_thermometer:;;x;;;;
ct_639;moby_ct_337;ana lucia;:hundred_points::red_heart::smiling_face_with_heart_eyes::smiling_face_with_heart_eyes::smiling_face_with_heart_eyes::smiling_face_with_heart_eyes:;x;;;;;
ct_643;moby_ct_338;Nicolas Burtin;:smiling_face_with_hearts::smiling_face_with_heart_eyes::star_struck::smiling_face_with_hearts::smiling_face_with_heart_eyes::star_struck:;x;;;;;
ct_644;moby_ct_339;Sporty Otter Pop (RenÃ© Lilly);oh grow up Russell;;x;;x;;
ct_648;moby_ct_340;Lucas Gllx;The man is almost 59yo, what a legend!;x;;;x;;
ct_650;moby_ct_341;Colores Santos ;:face-blue-smiling::face-blue-smiling::face-blue-smiling:;x;;;;;
ct_652;moby_ct_342;TamÃ¡s BorbÃ©ly;@T I wish You get well! :clapping_hands::open_hands::raising_hands::clapping_hands::open_hands:;x;;;x;;
ct_653;moby_ct_343;Julian Reverse;@ARTE Concert could you please block @Russell Watkins :face_vomiting::face_vomiting::face_vomiting:;;x;;x;;
ct_654;moby_ct_344;Alejandra;Oh baby, oh baby:collision::collision:then it fell apart, it fell apart!;x;;;;;
ct_656;moby_ct_345;Luca M.;:chart_increasing::red_heart::musical_notes::musical_note:;x;;;;;
ct_657;moby_ct_346;T;My temperature rises from the music :smiling_cat_with_heart_eyes:;x;;;;;x
ct_658;moby_ct_347;HNRIK;Crazy how many songs I know from Moby without even being an hardcore fan haha;x;;;;;
ct_659;moby_ct_348;Alejandra;:heart_on_fire::heart_on_fire::heart_on_fire::heart_on_fire:;x;;;;;
ct_661;moby_ct_349;CristianKirk;@HNRIK All that played MTV;;;;x;;
ct_662;moby_ct_350;Luca M.;:star::glowing_star::musical_notes::musical_note::glowing_star::star:;x;;;;;
ct_663;moby_ct_351;TamÃ¡s BorbÃ©ly;ooohh :violin::musical_note::musical_notes::musical_score::speaker_high_volume::dizzy:;x;;x;;;
ct_664;moby_ct_352;Sporty Otter Pop (RenÃ© Lilly);Thank you Arte Concert, for keeping it pleasant for us;x;;;;;
ct_665;moby_ct_353;Julian Reverse;@ARTE Concert :smiling_face_with_heart_eyes:;x;;;;;
ct_666;moby_ct_354;Animaphagus;This song is awesome;x;;x;;;
ct_668;moby_ct_355;alcolm;right on time;x;;;;;
ct_669;moby_ct_356;RAFFIN gisÃ¨le;Moby:smiling_face_with_hearts::smiling_face_with_hearts::smiling_face_with_hearts:;x;;;;;
ct_670;moby_ct_357;F L;ARTE Concert :sign_of_the_horns:;x;;;;;
ct_674;moby_ct_358;Elder Moura;:elbowcough::elbowcough:;;;;;;
ct_675;moby_ct_359;Ford Prefect;Love this part;x;;x;;;
ct_676;moby_ct_360;CyrusBlack;this is insane;x;;;;;
ct_677;moby_ct_361;T;Artwork ;x;;;;;
ct_678;moby_ct_362;Gilles Zenner;Moby on The Diddy-List :flushed_face::flushed_face::flushed_face:;;x;;x;;
ct_679;moby_ct_363;F L;:clapping_hands::clapping_hands::clapping_hands:;x;;;;;
ct_680;moby_ct_364;Luca M.; :raising_hands::sparkles::raising_hands::sparkles::raising_hands:;x;;;;;
ct_681;moby_ct_365;Sporty Otter Pop (RenÃ© Lilly);porcelain was already catch it on the plaback! It was great;x;;;;;
ct_682;moby_ct_366;Aktamix;extreme ways is so powerful track...;x;;x;;;
ct_684;moby_ct_367;Luca M.;:raising_hands::collision::raising_hands::collision::raising_hands: ;x;;;;;
ct_687;moby_ct_368;F L;:clapping_hands::sign_of_the_horns::raising_hands:;x;;;;;
ct_689;moby_ct_369;Luca M.;:collision::raising_hands::collision::raising_hands: :raising_hands::sparkles::raising_hands::sparkles:;x;;;;;
ct_692;moby_ct_370;Sporty Otter Pop (RenÃ© Lilly);yeah head nodding too now;x;;;;x;
ct_693;moby_ct_371;Sporty Otter Pop (RenÃ© Lilly);if this keeps up, hips will be swinging next;x;;;;x;
ct_694;moby_ct_372;Epi..mÅ±;:musical_notes::location-yellow-teal-bars:thanks for all @ARTE Concertâœ“ always Delivering quality recorded productions from every genre ..YT:trophy-yellow-smiling::finger-red-number-one:ğŸ‘ğŸ¼ğŸ‘ğŸ¼;x;;;;;
ct_695;moby_ct_373;HNRIK;@el polaco :grinning_face: according to chat GPT no it's not;;;;x;;
ct_696;moby_ct_374;Anniken Huseby;OMG OMG :red_heart: :red_heart: :red_heart: TUNE!;x;;x;;;
ct_697;moby_ct_375;Julian Reverse;Choklate :smiling_face_with_heart_eyes::smiling_face_with_heart_eyes::smiling_face_with_heart_eyes::smiling_face_with_heart_eyes::smiling_face_with_heart_eyes:;x;;x;;;
ct_698;moby_ct_376;Ford Prefect;:red_heart:;x;;;;;
ct_699;moby_ct_377;F L;:smiling_cat_with_heart_eyes::heart_with_arrow::backhand_index_pointing_left::backhand_index_pointing_right::sign_of_the_horns:;x;;;;;
ct_703;moby_ct_378;Sporty Otter Pop (RenÃ© Lilly);hawt, hawt, hotness in the ears;x;;;;;x
ct_704;moby_ct_379;Stephen Lee;:blue_heart::red_heart::orange_heart::yellow_heart::green_heart:;x;;;;;
ct_705;moby_ct_380;Lucas Gllx;@HNRIK Same, I never searshed him on Spotify but jeez I know almost every song, what a legend!;x;;;;;
ct_706;moby_ct_381;Thor Hamma;coolest version of this song ever!;x;;x;;;
ct_708;moby_ct_382;Dani;@ARTE Concert Will this concert stay online? ;;;;x;;
ct_710;moby_ct_383;HNRIK;I love her voice, I miss this kind of voice in today's music. Everything has this little chicken falsettos ;x;x;x;x;;
ct_711;moby_ct_384;Stephen Lee;:face-red-heart-shape:;x;;;;;
ct_712;moby_ct_385;The Running Secretary;Watching on the bus to work from Tasmania, Australia;;;;x;;
ct_713;moby_ct_386;Sporty Otter Pop (RenÃ© Lilly);My cat is even watching, totally fascinated now;x;;;x;;
ct_714;moby_ct_387;F L;le pied :sign_of_the_horns:;;;;;;
ct_715;moby_ct_388;Luca M.;:speaker_high_volume::musical_note::musical_notes::dizzy::collision: ;x;;;;;
ct_716;moby_ct_389;Henrik TÃ³th;:red_heart::black_heart::red_heart::black_heart:;x;;;;;
ct_718;moby_ct_390;SoundDesigners;what a voice, full of charisma!;x;;x;;;
ct_724;moby_ct_391;Sporty Otter Pop (RenÃ© Lilly);that funk is so on point;x;;x;;;
ct_725;moby_ct_392;Lucas Gllx;@Er C good for you, nobody cares :face_blowing_a_kiss:;;x;;x;;
ct_726;moby_ct_393;Dani;@ARTE Concert thank you. :face-red-heart-shape:;x;;;;;
ct_727;moby_ct_394;Mariana Correia;the first song I played in the guitar was Moby's song :red_heart: thanks from Brasil;x;;;x;;
ct_728;moby_ct_395;SoundDesigners;this must be on vinyl!;x;;;x;;
ct_729;moby_ct_396;C-Lakata;ğŸ‘ğŸ»ğŸ‘ğŸ»ğŸ‘ğŸ»ğŸ‘ğŸ»ğŸ‘ğŸ»ğŸ‘ğŸ»ğŸ‘ğŸ»ğŸ‘ğŸ»ğŸ‘ğŸ»ğŸ‘ğŸ»ğŸ‘ğŸ»;x;;;;;
ct_730;moby_ct_397;Luca M.;:musical_note::musical_notes::sparkles::sparkles:;x;;;;;
ct_732;moby_ct_398;Carell Cassey;Watching in the background at work. It's 2:30pm in the afternoon here in Madison, WI;;;;x;;
ct_733;moby_ct_399;TamÃ¡s BorbÃ©ly;:clapping_hands::clapping_hands::clapping_hands::clapping_hands:;x;;;;;
ct_734;moby_ct_400;T;ğŸ‘ğŸ»ğŸ‘ğŸ»ğŸ‘ğŸ»ğŸ‘ğŸ»;x;;;;;
ct_736;moby_ct_401;Cody Curtin;Moby's DJ sets are some of the best you will ever see if you get the chance. He absolutely rips really driving electro and techno;x;;;;;
ct_737;moby_ct_402;Olesya Gorbacheva;:red_heart::red_heart::red_heart::red_heart:;x;;;;;
ct_739;moby_ct_403;RAFFIN gisÃ¨le;:star_struck::smiling_face_with_hearts::smiling_face_with_hearts:;x;;;;;
ct_740;moby_ct_404;Luca M.;:raising_hands::sparkles::raising_hands::sparkles::raising_hands:;x;;;;;
ct_742;moby_ct_405;Ford Prefect;:red_heart:;x;;;;;
ct_743;moby_ct_406;Sporty Otter Pop (RenÃ© Lilly);Jackson! We're going to Jaackson;;;;x;;
ct_745;moby_ct_407;sunshine 70;:red_heart:;x;;;;;
ct_746;moby_ct_408;T;:face-orange-biting-nails:;;x;;;;
ct_747;moby_ct_409;Sporty Otter Pop (RenÃ© Lilly);or maybe not-it has no trumpet solo;;x;x;;;
ct_749;moby_ct_410;Lucas Gllx;I'm a trumpet now;;;x;x;;
ct_750;moby_ct_411;Luca M.;@sunshine 70 hallo :waving_hand::slightly_smiling_face:;x;;;;;
ct_751;moby_ct_412;T;Sunshine :smiling_cat_with_heart_eyes:;x;;;;;
ct_752;moby_ct_413;Sporty Otter Pop (RenÃ© Lilly);"I jumped when he said ""June Carter""";;;x;x;;
ct_753;moby_ct_414;Epi..mÅ±;el polaco... yes ğŸ‘ğŸ¼ well spotted Sherlock ğŸ•µğŸ¼., did you notice that I'm not the Channel host .. and that they've posted a reply to that query!;;;;x;;
ct_754;moby_ct_415;F L;:face-blue-smiling::face-blue-smiling::face-blue-smiling::face-fuchsia-tongue-out::face-fuchsia-tongue-out::face-blue-smiling:;x;;;;;
ct_755;moby_ct_416;Julieta Pusino;lol :grinning_squinting_face: @Lucas Gllx ;x;;;;;
ct_756;moby_ct_417;T;:beaming_face_with_smiling_eyes:;x;;;;;
ct_757;moby_ct_418;TamÃ¡s BorbÃ©ly;hey hey @sunshine70;;;;x;;
ct_758;moby_ct_419;sunshine 70;Hallo @Luca M. :sun_with_face::speaker_high_volume:;x;;;;;
ct_761;moby_ct_420;Sporty Otter Pop (RenÃ© Lilly);Yes! Ring of Fire;x;;x;;;
ct_764;moby_ct_421;sunshine 70;hello @T :hugging_face::musical_notes:;x;;;;;
ct_765;moby_ct_422;Ford Prefect;:fire:;x;;;;;
ct_767;moby_ct_423;Sporty Otter Pop (RenÃ© Lilly);I FELL IN TO A BURNING RING OF FIRE;x;;x;;;
ct_768;moby_ct_424;Dani;:smiling_face:;x;;;;;
ct_769;moby_ct_425;luizwijn;country moby?;;;x;;;
ct_771;moby_ct_426;sunshine 70;niceee :red_heart:;x;;;;;
ct_772;moby_ct_427;Luca M.;:raising_hands::collision::raising_hands::collision::raising_hands:;x;;;;;
ct_773;moby_ct_428;Alexander Fleener;Ring of :fire: ;x;;x;;;
ct_774;moby_ct_429;Stephen Lee;<- is a trumpet (apparently) ;;;;x;;
ct_775;moby_ct_430;Dani;I became vegan thanks to Moby. He is a great inspiration in so many areas.;x;;;x;;
ct_778;moby_ct_431;Ford Prefect;:fire:;x;;x;;;
ct_779;moby_ct_432;Epi..mÅ±;,____:locomotive::railway_car::railway_car::railway_car::railway_car:,___ :peach::dashing_away:ring of fire;x;;x;;;
ct_781;moby_ct_433;Sash;such a delight to watch. I've known Moby for decades, first time watching him perform... such a delight. thanks Arte for this;x;;;;;
ct_782;moby_ct_434;Julieta Pusino;wow he has a good voice for country!!;x;;x;;;
ct_783;moby_ct_435;T;Country dancing ;;;x;;;
ct_784;moby_ct_436;Lyli J;decades vegan ! before people even knew about veganism;x;;;x;;
ct_785;moby_ct_437;Lyli J;what a G;x;;;;;
ct_787;moby_ct_438;Alexander Fleener;Indian food gives me ring of :fire: ;;;x;x;;
ct_788;moby_ct_439;Lyli J;he has a vegan restaurant in LA - all revenue goes to animal rights organizations too <3;x;;;x;;
ct_790;moby_ct_440;Luca M.;:raising_hands::collision::raising_hands::collision::raising_hands: ;x;;;;;
ct_792;moby_ct_441;F L;:face-blue-smiling::face-blue-smiling::face-blue-smiling::face-fuchsia-tongue-out::face-fuchsia-tongue-out::face-blue-smiling::face-blue-smiling::face-blue-smiling:;x;;;;;
ct_795;moby_ct_442;PinkPanther77777;moby lets go;x;;;;;
ct_796;moby_ct_443;Ford Prefect;great atmosphere;x;;;;;
ct_798;moby_ct_444;Julian Reverse;@Lyli J the restaurant is long gone.;;;;x;;
ct_801;moby_ct_445;Lyli J;@Julian Reverse ahhh nooo what happened;;;;x;;
ct_802;moby_ct_446;Lyli J;:(;x;;;;;
ct_803;moby_ct_447;Mignonmoogle;Trumpet solo ! :grinning_face_with_sweat:;x;;x;;;
ct_804;moby_ct_448;Florin Alin DINCA;Just stick to the album...;;x;x;;;
ct_805;moby_ct_449;F L;:trumpet::trumpet::trumpet::face-blue-smiling::face-blue-smiling:;x;;x;;;
ct_806;moby_ct_450;Epi..mÅ±;sunshine 70 :blossom::hugging_face: hi Hun :face_blowing_a_kiss: just in time for a blow :wind_face::trumpet:along :winking_face:;x;;;;;
ct_807;moby_ct_451;Stephen Lee;:face-red-heart-shape::face-red-heart-shape::face-red-heart-shape:;x;;;;;
ct_811;moby_ct_452;Sporty Otter Pop (RenÃ© Lilly);now reminds of Joy Division;;;x;x;;
ct_812;moby_ct_453;Julian Reverse;@Lyli J we don't know but it closed for god in fall 2022;;;;x;;
ct_813;moby_ct_454;Stephen Lee;Lift my Cup *slurp* :face-red-heart-shape:;x;;;;;
ct_816;moby_ct_455;F L;:guitar::guitar::guitar::face-blue-smiling::face-fuchsia-tongue-out::face-fuchsia-wide-eyes:;x;;x;;;
ct_819;moby_ct_456;VITHOUSE;:face-red-heart-shape::face-red-heart-shape::face-red-heart-shape:;x;;;;;
ct_820;moby_ct_457;Epi..mÅ±;definitely hints of Ian Curtis and Joy Division in this one :musical_notes::goodvibes:;x;;x;x;;
ct_821;moby_ct_458;Julieta Pusino;nah whats this version xd;;x;x;;;
ct_822;moby_ct_459;F L;:high_voltage::guitar::banjo:;x;;x;;;
ct_825;moby_ct_460;sunshine 70;amazing :red_heart:;x;;;;;
ct_826;moby_ct_461;Luca M.;:raising_hands::sparkles::raising_hands::sparkles::raising_hands:;x;;;;;
ct_827;moby_ct_462;Djileddine mehdi Rahmani;moby the legend;x;;;;;
ct_829;moby_ct_463;Lyli J;@Julian Reverse yeah weird I tried looking up the reason, couldn't find it. just found that the employees were very upset at how it was handled xD;;;;x;;
ct_833;moby_ct_464;Bartosz Jurand;This song is pure perfect :red_heart: ;x;;x;;;
ct_834;moby_ct_465;C-Lakata;What a version :love_you_gesture::thumbs_up::thumbs_up::thumbs_up:;x;;x;;;
ct_835;moby_ct_466;Luca M.;:musical_notes::musical_note::sparkles::sparkles:;x;;;;;
ct_838;moby_ct_467;GÃ©gÃ© gerard;tres beau spectacle live thanks Mister Moby;x;;;;;
ct_839;moby_ct_468;Lucas Gllx;:clapping_hands::clapping_hands::clapping_hands:;x;;;;;
ct_840;moby_ct_469;Epi..mÅ±;:hands-yellow-heart-red::face-blue-heart-eyes:;x;;;;;
ct_841;moby_ct_470;Sporty Otter Pop (RenÃ© Lilly);Thank you for tonight, Arte Concert;x;;;;;
ct_842;moby_ct_471;CrystalinMohadryn;:slightly_smiling_face:;x;;;;;
ct_843;moby_ct_472;Lizbeth Ajuria;:smiling_face_with_sunglasses::partying_face::purple_heart::purple_heart::purple_heart:;x;;;;;
ct_844;moby_ct_473;CrystalinMohadryn;:elbowcough::elbowcough:;;;;;;
ct_845;moby_ct_474;M S;ğŸ™ğŸ¼;x;;;;;
ct_847;moby_ct_475;DJ Arte Lone;:victory_hand::victory_hand::victory_hand:;x;;;;;
ct_850;moby_ct_476;Fax;Remember when Moby was techno music;;;;x;;
ct_851;moby_ct_477;Wilma Flintstone;woohoooooo, one of the greatest, thank you arte !!!!!;x;;;;;
ct_852;moby_ct_478;Lizbeth Ajuria;:beaming_face_with_smiling_eyes:;x;;;;;
ct_853;moby_ct_479;Ford Prefect;:3;x;;;;;
ct_855;moby_ct_480;TamÃ¡s BorbÃ©ly;"""\_:face-blue-heart-eyes:_/""""\_:face-purple-wide-eyes:_/""";x;;;;;
ct_857;moby_ct_481;F L;:sign_of_the_horns::sign_of_the_horns::sign_of_the_horns:;x;;;;;
ct_858;moby_ct_482;Sporty Otter Pop (RenÃ© Lilly);love this one;x;;x;;;
ct_860;moby_ct_483;Julieta Pusino;i'd love him to play dream about me :') ;x;;x;;;
ct_861;moby_ct_484;sunshine 70;yezzzz :red_heart::musical_notes::red_heart::musical_notes::red_heart::musical_notes::red_heart:;x;;;;;
ct_862;moby_ct_485;Julian Reverse;Thank you, thank you, THANK YOU MOBY! Thank you, thank you, THANK YOU @ARTE Concert !;x;;;;;
ct_863;moby_ct_486;Sporty Otter Pop (RenÃ© Lilly);have chills;x;;;;;x
ct_867;moby_ct_487;Wilma Flintstone;i do :red_heart:;x;;;;;
ct_868;moby_ct_488;Luca M.;:raising_hands::sparkles::raising_hands::sparkles::raising_hands: ;x;;;;;
ct_869;moby_ct_489;filtav;:eyes-pink-heart-shape:;x;;;;;
ct_872;moby_ct_490;VITHOUSE;:face-red-heart-shape::face-red-heart-shape::face-red-heart-shape:;x;;;;;
ct_873;moby_ct_491;TamÃ¡s BorbÃ©ly;:hands-yellow-heart-red::volcano-green-lava-orange::face-fuchsia-flower-shape::face-turquoise-music-note::person-pink-swaying-hair::octopus-red-waving:;x;;;;;
ct_874;moby_ct_492;Gonzalo Giuliano;ğŸ‡¦ğŸ‡·:red_heart:;x;;;x;;
ct_875;moby_ct_493;Ford Prefect;Well yeah, that's so damn good;x;;;;;
ct_876;moby_ct_494;Luca M.;:shooting_star::shooting_star::star::glowing_star::shooting_star::shooting_star: ;x;;;;;
ct_877;moby_ct_495;Elvis Cervantes;:smiling_face_with_hearts:;x;;;;;
ct_878;moby_ct_496;sunshine 70;:thumbs_up::thumbs_up::thumbs_up::thumbs_up::red_heart::musical_notes::red_heart::musical_notes::red_heart:;x;;;;;
ct_879;moby_ct_497;Lizbeth Ajuria;:smiling_face:;x;;;;;
ct_880;moby_ct_498;M M;Wonderful voice :heart_suit:;x;;x;;;
ct_882;moby_ct_499;Luca M.; :raising_hands::collision::raising_hands::collision::raising_hands:;x;;;;;
ct_883;moby_ct_500;F L;absolument magnifique :sign_of_the_horns:;x;;;;;
ct_884;moby_ct_501;arqoss;:face-blue-smiling::face-blue-smiling::face-blue-smiling::smiling_face_with_hearts::dog::cat::fox:;x;;;;;
ct_886;moby_ct_502;DJ Arte Lone;:thumbs_up:;x;;;;;
ct_887;moby_ct_503;Ford Prefect;Perfection;x;;;;;
ct_890;moby_ct_504;filtav;:hand-orange-covering-eyes:;x;x;;;;
ct_892;moby_ct_505;Luca M.;:glowing_star::man_dancing::glowing_star::man_dancing::glowing_star:;x;;;;x;
ct_894;moby_ct_506;Epi..mÅ±;Vocals are so fekn honest and deep ğŸ‘ğŸ¼:musical_notes::speaker_high_volume::musical_notes:;x;;x;;;
ct_895;moby_ct_507;Daniel;crack;;;;;;
ct_896;moby_ct_508;T;ğŸ‘ğŸ»ğŸ‘ğŸ»ğŸ‘ğŸ»ğŸ‘ğŸ»;x;;;;;
ct_898;moby_ct_509;lÃ©o fruity head;hello ARTE:person-turqouise-waving:THX:face-red-heart-shape:& moby too;x;;;;;
ct_903;moby_ct_510;Omni;ARTE is the best;x;;;x;;
ct_905;moby_ct_511;Rodrigo DÃ­az;ğŸ‡²ğŸ‡½ğŸ‡²ğŸ‡½ğŸ‡²ğŸ‡½ğŸ‡²ğŸ‡½;;;;x;;
ct_907;moby_ct_512;Ford Prefect;Fantastic show. Thanks for broadcasting and thanks to the chat here, too. Have a good one yall;x;;;;;
ct_908;moby_ct_513;Roland Jeske;Great show! Thanks to Arte and Moby!;x;;;;;
ct_910;moby_ct_514;Luca M.;:musical_note::musical_notes::sparkles::sparkles:;x;;;;;
ct_911;moby_ct_515;Epi..mÅ±;ğŸ‘ğŸ¼ğŸ‘ğŸ¼;x;;;;;
ct_912;moby_ct_516;Epi..mÅ±;ğŸ‘ğŸ¼ğŸ‘ğŸ¼;x;;;;;
ct_913;moby_ct_517;Omni;<3;x;;;;;
ct_914;moby_ct_518;Epi..mÅ±;ğŸ‘ğŸ¼ğŸ‘ğŸ¼;x;;;;;
ct_915;moby_ct_519;T;Standing ovations ğŸ‘ğŸ»ğŸ‘ğŸ»ğŸ‘ğŸ»;x;;;;;
ct_916;moby_ct_520;Epi..mÅ±;ğŸ‘ğŸ¼ğŸ‘ğŸ¼:winking_face:;x;;;;;
ct_917;moby_ct_521;Wilma Flintstone;will this concert remain on arte concert channel ? ;;;;x;;
ct_918;moby_ct_522;Epi..mÅ±;ğŸ‘ğŸ¼ğŸ‘ğŸ¼:red_heart:;x;;;;;
ct_921;moby_ct_523;Epi..mÅ±;ğŸ‘ğŸ¼ğŸ‘ğŸ¼ğŸ‘ğŸ¼:red_heart:;x;;;;;
ct_923;moby_ct_524;sunshine 70;:red_heart::red_heart::red_heart:;x;;;;;
ct_924;moby_ct_525;Kevin Maria;:clapping_hands::clapping_hands::clapping_hands::clapping_hands::clapping_hands:;x;;;;;
ct_925;moby_ct_526;Luca M.;:musical_note::musical_notes::sparkles::sparkles:;x;;;;;
ct_926;moby_ct_527;Wilma Flintstone;super, thank you once again arte concert !!! :face-red-heart-shape:;x;;;;;
ct_931;moby_ct_528;CristianKirk;@ARTE Concert Why can't be forever? Didn't know videos had a life span;;;;x;;
ct_935;moby_ct_529;muzikxpress;This was so good!;x;;;;;
ct_936;moby_ct_530;Luca M.;:raising_hands::sparkles::raising_hands::sparkles::raising_hands:;x;;;;;
ct_939;moby_ct_531;MO-DU / Jan Jiskra;this is moby;;;;;;
ct_940;moby_ct_532;lÃ©o fruity head;:winking_face_with_tongue:ğŸ¤œğŸ»;x;;;;;
ct_941;moby_ct_533;sunshine 70;ohhh yes :raising_hands::raising_hands::speaker_high_volume::speaker_high_volume::fire::fire::fire:;x;;;;;
ct_943;moby_ct_534;F L;:grinning_squinting_face::upside_down_face::face_savoring_food:;x;;;;;
ct_946;moby_ct_535;Alejandra;:fire::fire::fire::fire::fire:;x;;;;;
ct_947;moby_ct_536;Wilma Flintstone;:partying_face:;x;;;;;
ct_951;moby_ct_537;Ford Prefect;:red_heart:;x;;;;;
ct_952;moby_ct_538;Ieva Hermansone;:hand-pink-waving:;x;;;;;
ct_956;moby_ct_539;Alejandra;:fire::fire::fire::fire::fire:;x;;;;;
ct_958;moby_ct_540;sunshine 70;love this song :raising_hands::red_heart::raising_hands::red_heart::raising_hands::red_heart::raising_hands::red_heart::raising_hands::red_heart::raising_hands:;x;;x;;;
ct_959;moby_ct_541;Alejandra;:high_voltage::high_voltage::high_voltage::high_voltage::high_voltage:;x;;;;;
ct_961;moby_ct_542;Julian Reverse;Nadia :smiling_face_with_heart_eyes::smiling_face_with_heart_eyes::smiling_face_with_heart_eyes::smiling_face_with_heart_eyes::smiling_face_with_heart_eyes::smiling_face_with_heart_eyes::smiling_face_with_heart_eyes::smiling_face_with_heart_eyes:;x;;x;;;
ct_963;moby_ct_543;Luca M.;:raising_hands::collision::raising_hands::collision::raising_hands:;x;;;;;
ct_964;moby_ct_544;Alejandra;:bomb::bomb::bomb::bomb::bomb:;x;;;;;
ct_965;moby_ct_545;Alejandra;:bomb::bomb::bomb::bomb::bomb::bomb:;x;;;;;
ct_967;moby_ct_546;Ford Prefect;:3 :red_heart:;x;;;;;
ct_969;moby_ct_547;TamÃ¡s BorbÃ©ly;"""\_:face-blue-smiling::face-fuchsia-tongue-out:_/""";x;;;;;
ct_970;moby_ct_548;agustina Isabel rico;:smiling_face_with_hearts::smiling_face_with_hearts::smiling_face_with_hearts::smiling_face_with_hearts::smiling_face_with_hearts::smiling_face_with_hearts::smiling_face_with_hearts::smiling_face_with_hearts::smiling_face_with_hearts::smiling_face_with_hearts::smiling_face_with_hearts::smiling_face_with_hearts::smiling_face_with_hearts::smiling_face_with_hearts::smiling_face_with_hearts::smiling_face_with_hearts::smiling_face_with_hearts::smiling_face_with_hearts::smiling_face_with_hearts::smiling_face_with_hearts::smiling_face_with_hearts:;x;;;;;
ct_971;moby_ct_549;F L;:face-blue-smiling::face-blue-smiling::face-blue-smiling::face-fuchsia-tongue-out::face-fuchsia-tongue-out::face_savoring_food::zany_face:;x;;;;;
ct_973;moby_ct_550;Esteban Gutierrez;SUBLIME:beaming_face_with_smiling_eyes::beaming_face_with_smiling_eyes::beaming_face_with_smiling_eyes:;x;;;;;
ct_974;moby_ct_551;Luca M.;:musical_note::musical_notes::sparkles::sparkles:;x;;;;;
ct_975;moby_ct_552;Alejandra;:bomb::bomb::bomb::bomb::collision::collision::collision:;x;;;;;
ct_976;moby_ct_553;Ford Prefect;true classic of electronic music;x;;;;;
ct_977;moby_ct_554;Orientalzaffiro;:peace_symbol::peace_symbol::peace_symbol::peace_symbol::peace_symbol::peace_symbol::peace_symbol::peace_symbol:;x;;;;;
ct_979;moby_ct_555;Alejandra;:heart_on_fire::heart_on_fire::heart_on_fire::heart_on_fire::heart_on_fire::heart_on_fire:;x;;;;;
ct_980;moby_ct_556;Bastien Gatellier;:face-red-heart-shape::face-red-heart-shape::face-red-heart-shape::face-red-heart-shape:;x;;;;;
ct_981;moby_ct_557;CristianKirk;@ARTE Concert Thanks for responding. Didn't know. Thanks for all you do;x;;;x;;
ct_982;moby_ct_558;Alejandra;:heart_on_fire::heart_on_fire::heart_on_fire::heart_on_fire::heart_on_fire:;x;;;;;
ct_983;moby_ct_559;Luca M.;:raising_hands::sparkles::raising_hands::sparkles::raising_hands:;x;;;;;
ct_986;moby_ct_560;F L;:smiling_face_with_heart_eyes::smiling_face_with_heart_eyes::smiling_face_with_heart_eyes::duck::sun_with_face::sun_with_face:;x;;;;;
ct_989;moby_ct_561;Alejandra;:fire::fire::fire::fire::fire:;x;;;;;
ct_990;moby_ct_562;Alejandra;:firecracker::firecracker::firecracker::firecracker:;x;;;;;
ct_993;moby_ct_563;Alexander Fleener;Moby sweats E;;;;x;;
ct_994;moby_ct_564;sunshine 70;:red_heart::fire::red_heart::fire::red_heart::fire::red_heart:;x;;;;;
ct_995;moby_ct_565;Alejandra;:heart_on_fire::heart_on_fire::heart_on_fire::heart_on_fire:;x;;;;;
ct_996;moby_ct_566;Wilma Flintstone;this is just awesome, this is art e;x;;;;;
ct_999;moby_ct_567;Alejandra;:heart_on_fire::heart_on_fire::heart_on_fire::heart_on_fire::heart_on_fire::heart_on_fire:;x;;;;;
ct_1000;moby_ct_568;TamÃ¡s BorbÃ©ly;:fire::cyclone::fire::cyclone::fire::cyclone:;x;;;;;
ct_1001;moby_ct_569;el polaco;A 1991 song is now just like a 1958 song in 1991.;;;;x;;
ct_1004;moby_ct_570;Alejandra;:heart_on_fire::heart_on_fire::heart_on_fire::heart_on_fire::loudly_crying_face::loudly_crying_face::loudly_crying_face:;x;;;;;x
ct_1005;moby_ct_571;Ford Prefect;:red_heart:;x;;;;;
ct_1006;moby_ct_572;Luca M.; amazing :water_wave::musical_note::musical_notes::collision:;x;;;;;
ct_1007;moby_ct_573;Julian Reverse;I am feeling SOOOOO real!;x;;;;;
ct_1008;moby_ct_574;T;Everyone it was very nice watching with you ;x;;;;;
ct_1009;moby_ct_575;Alejandra;CHILE :heart_on_fire:;x;;;x;;
ct_1010;moby_ct_576;Ford Prefect;:crying_face:;x;;;;;x
ct_1011;moby_ct_577;F L;incredible mood;x;;;;;
ct_1012;moby_ct_578;TamÃ¡s BorbÃ©ly;:hand_with_fingers_splayed::smiling_face_with_smiling_eyes:;x;;;;;
ct_1013;moby_ct_579;Ieva Hermansone;thank you Arte concert for giving us this awesome night with Moby;x;;;;;
ct_1014;moby_ct_580;Ford Prefect;Agreed T;;;;;;
ct_1015;moby_ct_581;Epi..mÅ±;:speaker_high_volume::face-red-heart-shape::face-blue-heart-eyes:some dunt thanks :winking_face:ğŸ‘ğŸ¼;x;;;;;
ct_1016;moby_ct_582;Alejandra;:heart_on_fire::heart_on_fire::heart_on_fire::heart_on_fire::loudly_crying_face::loudly_crying_face::loudly_crying_face:;x;;;;;x
ct_1018;moby_ct_583;lÃ©o fruity head;:face-red-heart-shape:..............;x;;;;;
ct_1019;moby_ct_584;T;ğŸ‘ğŸ»ğŸ‘ğŸ»ğŸ™ŒğŸ»ğŸ™ŒğŸ»;x;;;;;
ct_1020;moby_ct_585;chiche05;thank you for the broadcast;x;;;;;
ct_1022;moby_ct_586;Wilma Flintstone;:face-red-heart-shape::face-red-heart-shape::face-red-heart-shape::face-red-heart-shape::face-red-heart-shape::face-red-heart-shape:;x;;;;;
ct_1025;moby_ct_587;Alejandra;:raising_hands::raising_hands::raising_hands::raising_hands::raising_hands:;x;;;;;
ct_1030;moby_ct_588;Luca M.;:hand-pink-waving:bye bye;x;;;;;
ct_1033;moby_ct_589;Alejandra;:heart_on_fire::heart_on_fire::heart_on_fire::heart_on_fire:;x;;;;;
ct_1034;moby_ct_590;neurosien frisco;:fire::fire::fire::fire::fire:;x;;;;;
ct_1036;moby_ct_591;Belen Gahz;It was amazing thank you ;x;;;;;
ct_1037;moby_ct_592;TamÃ¡s BorbÃ©ly;:clapping_hands::open_hands::clapping_hands::open_hands::clapping_hands:;x;;;;;
ct_1040;moby_ct_593;Vandario 199;Global Electronic Dance Music:firecracker:;x;;;x;;
ct_1041;moby_ct_594;Lizbeth Ajuria;:smiling_face_with_hearts:;x;;;;;
ct_1042;moby_ct_595;visual fresh ;MOBY :red_heart: GO VEGAN;x;;;x;;
ct_1043;moby_ct_596;Epi..mÅ±;"And don't forget your ""Towels"" folks";;;;x;;
ct_1045;moby_ct_597;llliiiillliiimoa;:red_heart::red_heart::red_heart:;x;;;;;
ct_1047;moby_ct_598;Alejandra;:heart_on_fire::heart_on_fire::heart_on_fire::heart_on_fire:;x;;;;;
ct_1048;moby_ct_599;Dani;thanks for this @ARTE Concert love for everyone :red_heart: ;x;;;;;
ct_1049;moby_ct_600;carabo33;Thousand!;x;;;;;
ct_1050;moby_ct_601;El NeverFake;Techno brutal himno ;;;;x;;
ct_1051;moby_ct_602;sunshine 70;:heart_exclamation::heart_exclamation::heart_exclamation::heart_exclamation:;x;;;;;
ct_1055;moby_ct_603;Alejandra;:collision::collision::collision::collision::raised_fist::raised_fist::raised_fist:;x;;;;;
ct_1056;moby_ct_604;DJ Lapidar;:thanksdoc::yt::thanksdoc:;x;;;;;
ct_1057;moby_ct_605;Lizbeth Ajuria;:collision::purple_heart:ğŸ’ƒğŸ¾;x;;;;x;
ct_1060;moby_ct_606;Alejandra;:raised_fist::raised_fist::raised_fist::raised_fist::raised_fist:;x;;;;;
ct_1062;moby_ct_607;Alejandra;:raised_fist::raised_fist::raised_fist::raised_fist:;x;;;;;
ct_1065;moby_ct_608;Alejandra;:raised_fist::raised_fist::raised_fist::raised_fist:;x;;;;;
ct_1067;moby_ct_609;ThÃ©o Ferracci;fire;x;;;;;
ct_1068;moby_ct_610;Dmytro Rybak;:blue_heart:;;;;x;;
ct_1070;moby_ct_611;Dmytro Rybak;:yellow_heart:;;;;x;;
ct_1071;moby_ct_612;F L;:bomb::bomb::bomb::bomb:;x;;;;;
ct_1072;moby_ct_613;Alejandra;:heart_on_fire::heart_on_fire::heart_on_fire::heart_on_fire::heart_on_fire:;x;;;;;
ct_1073;moby_ct_614;Bigos;never gonna give you up on a drop please;;;x;x;;
ct_1074;moby_ct_615;darkkratos2000;@ARTE Concert can you put a setlist into the description as well?;;;;x;;
ct_1075;moby_ct_616;Roland Jeske;Thats so cool! ntzntzntzntz;x;;;;;
ct_1077;moby_ct_617;Alejandra;:heart_on_fire::heart_on_fire::heart_on_fire::heart_on_fire::heart_on_fire:;x;;;;;
ct_1078;moby_ct_618;Alejandra;:bomb::bomb::bomb::bomb::bomb::bomb:;x;;;;;
ct_1079;moby_ct_619;Jannis JaG;No we're listening to a world record track.;x;;x;;;
ct_1080;moby_ct_620;F L;:heart_with_arrow::heart_with_arrow::heart_with_arrow:;x;;;;;
ct_1082;moby_ct_621;Dmytro Rybak;:blue_heart:;;;;x;;
ct_1083;moby_ct_622;Dmytro Rybak;:yellow_heart:;;;;x;;
ct_1084;moby_ct_623;Alejandra;:bomb::bomb::bomb::bomb::bomb:;x;;;;;
ct_1085;moby_ct_624;ThÃ©o Ferracci;:heart_on_fire::heart_on_fire::heart_on_fire::heart_on_fire::heart_on_fire::heart_on_fire::heart_on_fire::heart_on_fire:;x;;;;;
ct_1088;moby_ct_625;Alejandra;:heart_on_fire::heart_on_fire::heart_on_fire::heart_on_fire::heart_on_fire:;x;;;;;
ct_1089;moby_ct_626;Alejandra;:bomb::bomb::bomb::bomb:;x;;;;;
ct_1090;moby_ct_627;ThÃ©o Ferracci;:fire::fire::fire::fire:;x;;;;;
ct_1091;moby_ct_628;sunshine 70;:raising_hands::fire::raising_hands::fire::raising_hands::fire:;x;;;;;
ct_1093;moby_ct_629;Dmytro Rybak;:blue_heart:;;;;x;;
ct_1094;moby_ct_630;Dmytro Rybak;:yellow_heart:;;;;x;;
ct_1096;moby_ct_631;Alejandra;:heart_on_fire::heart_on_fire::heart_on_fire::heart_on_fire:;x;;;;;
ct_1097;moby_ct_632;chiche05;:raising_hands::raising_hands::raising_hands::raising_hands::raising_hands:;x;;;;;
ct_1098;moby_ct_633;Wilma Flintstone;moby did a lot of drugs when he wrote his songs he once told. actually most music artists did, but moby seems to have gotten the right dose of the right stuff :rocket-red-countdown-liftoff:;x;;;x;;
ct_1099;moby_ct_634;visual fresh ;GO VEGAN :red_heart: ;x;;;x;;
ct_1100;moby_ct_635;F L;:skull_and_crossbones::bomb::waving_hand:ğŸ¤ŸğŸ»;x;;;;;
ct_1101;moby_ct_636;Dmytro Rybak;:face-red-heart-shape:;x;;;;;
ct_1103;moby_ct_637;Dmytro Rybak;:blue_heart:;;;;x;;
ct_1104;moby_ct_638;Dmytro Rybak;:yellow_heart:;;;;x;;
ct_1106;moby_ct_639;Jannis JaG;"This ist called ""Thousand"". And it has 1000 BPM...";;;x;x;;
ct_1107;moby_ct_640;Alejandra;La wea hermosaaaa:heart_on_fire:;x;;;;;
ct_1108;moby_ct_641;sunshine 70;yesss:fire::raising_hands::fire::raising_hands::fire::raising_hands::fire:;x;;;;;
ct_1109;moby_ct_642;G.D B;@Arte Concert THX!!!!!;x;;;;;
ct_1111;moby_ct_643;filtav;oh yes oh yes!!:volcano-green-lava-orange:;x;;;;;
ct_1112;moby_ct_644;visual fresh ;GO VEGAN :red_heart: ARGENTINA MOBY ;x;;;x;;
ct_1113;moby_ct_645;mAt;hard before other;;;;;;
ct_1114;moby_ct_646;Alejandra;:collision::collision::collision::raised_fist::raised_fist:;x;;;;;
ct_1118;moby_ct_647;visual fresh ;GO VEGAN :red_heart: ;x;;;x;;
ct_1119;moby_ct_648;Alejandra;:bomb::bomb::bomb::bomb:;x;;;;;
ct_1121;moby_ct_649;F L;:face_savoring_food::face_savoring_food::face_savoring_food:;x;;;;;
ct_1126;moby_ct_650;Alejandra;:heart_on_fire::heart_on_fire::heart_on_fire::heart_on_fire::heart_on_fire:;x;;;;;
ct_1127;moby_ct_651;Alejandra;:heart_on_fire::heart_on_fire::heart_on_fire::heart_on_fire::heart_on_fire:;x;;;;;
ct_1129;moby_ct_652;Alejandra;:heart_on_fire::heart_on_fire::heart_on_fire::heart_on_fire::heart_on_fire::collision::collision::collision::collision:;x;;;;;
ct_1131;moby_ct_653;Octobert;bass;;;x;;;
ct_1132;moby_ct_654;Yuli Romero Official;:fire::fire::fire::fire::fire::fire::fire:;x;;;;;
ct_1133;moby_ct_655;lÃ©o fruity head;:red_heart::yellow_heart::green_heart::blue_heart:;x;;;;;
ct_1134;moby_ct_656;Jannis JaG;"If someone wants to listen to other music of this Speed, Google ""The Berzerker""";;;x;x;;
ct_1135;moby_ct_657;Alejandra;:heart_on_fire:;x;;;;;
ct_1136;moby_ct_658;chiche05;:clapping_hands::clapping_hands::clapping_hands:;x;;;;;
ct_1137;moby_ct_659;Julian Reverse;Thank you, thank you, THANK YOU MOBY! ;x;;;;;
ct_1138;moby_ct_660;T;ğŸ™ğŸ»:heart_on_fire:ğŸ™ŒğŸ»;x;;;;;
ct_1139;moby_ct_661;Dani;<3;x;;;;;
ct_1140;moby_ct_662;Wilma Flintstone;:eyes-purple-crying:;x;;;;;x
ct_1142;moby_ct_663;El NeverFake;25 years;;;;x;;
ct_1143;moby_ct_664;Cyn Raver;:yellow_heart::fire::fire:ğŸ™ŒğŸ¼:sparkles:;x;;;;;
ct_1145;moby_ct_665;Alejandra;:raising_hands::red_heart:;x;;;;;
ct_1148;moby_ct_666;Octobert;thanks arte;x;;;;;
ct_1150;moby_ct_667;chiche05;<3;x;;;;;
ct_1151;moby_ct_668;Kevin Dortmann;Thank you Moby and Arte! Have a wonderful evening!;x;;;;;
ct_1152;moby_ct_669;Nikguy;THANKS ARTE!!!!!!!!!!!!!!!!!!!!!!!;x;;;;;
ct_1154;moby_ct_670;Carell Cassey;@ARTE Concert Thanks!;x;;;;;
ct_1155;moby_ct_671;Broomhilda von Shaft;boy you're the one..;x;;;;;
ct_1156;moby_ct_672;sunshine 70;spectacular concert :heart_exclamation::heart_exclamation::heart_exclamation::heart_exclamation:thank you ARTE and Moby :red_heart::red_heart::red_heart::red_heart::red_heart::red_heart::red_heart:;x;;;;;
ct_1159;moby_ct_673;Epi..mÅ±;ğŸ‘ğŸ¼ğŸ‘ğŸ¼ excellent show ., thanks for 25yrs of great tunes :bullseye: ğŸ‘ŒğŸ¼;x;;;;;
ct_1160;moby_ct_674;Thor Hamma;Merci @ARTE Concert :yougotthis:;x;;;;;
ct_1161;moby_ct_675;TamÃ¡s BorbÃ©ly;:open_hands::clapping_hands::open_hands::clapping_hands:;x;;;;;
ct_1163;moby_ct_676;BA-CA;YOOO @ARTE Concert thx;x;;;;;
ct_1164;moby_ct_677;Dmytro Rybak;:red_heart:;x;;;;;
ct_1165;moby_ct_678;Dmytro Rybak;:black_heart:;x;;;;;
ct_1166;moby_ct_679;visual fresh ;GO VEGAN :red_heart: ARGENTINA ;x;;;x;;
ct_1167;moby_ct_680;Dmytro Rybak;:red_heart:;x;;;;;
ct_1168;moby_ct_681;Dmytro Rybak;:black_heart:;x;;;;;
ct_1169;moby_ct_682;erm0n;Thx Arte!;x;;;;;
ct_1170;moby_ct_683;Dmytro Rybak;:blue_heart:;;;;x;;
ct_1171;moby_ct_684;Dmytro Rybak;:yellow_heart:;;;;x;;
ct_1174;moby_ct_685;tomtomftube;:hand-pink-waving:;x;;;;;
ct_1175;moby_ct_686;visual fresh ;GO VEGAN :red_heart: ;x;;;x;;